"BBVA Bancomer",bbvabancomer,"Abrimos las puertas de la transformaciÃ³n, a travÃ©s de historias de vida. Comparte la tuya con el hashtag #CreandoOportunidades ğŸ’³ğŸ”µâœ¨","Professional Services",,,10950,https://scontent-sin2-2.cdninstagram.com/vp/d74903a909665502350b59298f5437c9/5CE0DC10/t51.2885-19/s320x320/28764774_193910811222662_3651312115358105600_n.jpg?_nc_ht=scontent-sin2-2.cdninstagram.com,mx
24HourWristbands.com,24hourwristbands,"The name says it all. We can meet your promotional needs as fast as 24-hour turnarounds! 1-877-508-4569",,,,388,https://scontent-lhr3-1.cdninstagram.com/vp/a10b0e6949c148f5965856ac99ac74d8/5CDDD9F1/t51.2885-19/44884218_345707102882519_2446069589734326272_n.jpg?_nc_ht=scontent-lhr3-1.cdninstagram.com,
Belkin,belkin,"We're Belkin; makers of People Inspired Products #PeopleInspiredProducts","Personal Goods & General Merchandise Stores",,,28003,https://scontent-sin2-2.cdninstagram.com/vp/2fbd444bd1475b7487d0635b3a0afec7/5CC74B02/t51.2885-19/s320x320/41518320_2140688552810711_4359991979874975744_n.jpg?_nc_ht=scontent-sin2-2.cdninstagram.com,us
BeltOutlet.com,beltoutlet,"Specializes in value priced menâ€™s, womenâ€™s and children's clothing and travel accessories.
So Much More Than Belts.",,,,56,https://scontent-sin2-2.cdninstagram.com/vp/cc236a95e53358d01d50370b320872e5/5CE5A143/t51.2885-19/10890807_982484601765632_2136502081_a.jpg?_nc_ht=scontent-sin2-2.cdninstagram.com,
4AllPromos,4allpromos,"ğŸŒYour online leaders in promotional products! 
ğŸ†We will work with you to help create unique promotional products that will show off your logo!","Home Services",sales@4allpromos.com,+18554914873,1060,https://scontent-sin2-2.cdninstagram.com/vp/df6594e83fe2a7a13b26150142408849/5CC760C4/t51.2885-19/s320x320/12104953_408142732716001_1495894252_a.jpg?_nc_ht=scontent-sin2-2.cdninstagram.com,
BikeExchangeUSA,bikeexchangeusa,"Where the world buys, sells, learns, and rides.",Publishers,info@bikeexchange.com,+19493442616,782,https://scontent-sin2-2.cdninstagram.com/vp/d099ac42dab64af64f257e7217d88624/5CFD6D6C/t51.2885-19/s320x320/12292655_929623423752715_157738501_a.jpg?_nc_ht=scontent-sin2-2.cdninstagram.com,us
,blucigs,ğŸ¦‹,,,,2031,https://scontent-sin2-2.cdninstagram.com/vp/8b35b3023c7591b5ff68d15c03e1275f/5CC2454C/t51.2885-19/s320x320/50124763_242382109993003_1317531645259022336_n.jpg?_nc_ht=scontent-sin2-2.cdninstagram.com,
"Blue Bottle Coffee",bluebottle,#BlueBottleCoffee,Restaurants,support@bluebottlecoffee.com,,316164,https://scontent-sin2-2.cdninstagram.com/vp/836a23a7e74c04fa39f4e4462c768611/5CE1055A/t51.2885-19/s320x320/50246546_387943298624937_7562229672042299392_n.jpg?_nc_ht=scontent-sin2-2.cdninstagram.com,
"Blackstone Products ğŸ”¥ğŸ–",blackstoneproducts,"@BlackstoneProducts Griddles, grills, and so much more for a perfect outdoor cooking experience. Cook anything, anytime, anywhere.
ğŸ“¦ğŸ”½SHOP ONLINE NOWğŸ”½ğŸ“¦","Personal Goods & General Merchandise Stores",support@blackstoneproducts.com,+14352523030,18499,https://scontent-sin2-2.cdninstagram.com/vp/770b0161bc7b7f3bdf2faaebcbe40c31/5CE13508/t51.2885-19/s320x320/25035975_149508689038319_3971188789799288832_n.jpg?_nc_ht=scontent-sin2-2.cdninstagram.com,us
BCBGeneration,bcbgeneration,"Shop HereğŸ‘‡ğŸ½","Personal Goods & General Merchandise Stores",stayintouch@us.bcbgeneration.com,+18554367895,144973,https://scontent-sin2-2.cdninstagram.com/vp/dac609c30287a80b07b91b99df36dc2a/5CCADA88/t51.2885-19/s320x320/19624342_114866325796655_2640764271192965120_a.jpg?_nc_ht=scontent-sin2-2.cdninstagram.com,
Breazy.com,breazyvapors,"WARNING: This product contains nicotine. Nicotine is an addictive chemical.
21+ Only","Personal Goods & General Merchandise Stores",orders@breazy.com,,15771,https://scontent-sin2-2.cdninstagram.com/vp/e9335a0777267afb20e60038c6ba1d9a/5CDDE130/t51.2885-19/s320x320/22581956_1944680925797073_2112634236115615744_n.jpg?_nc_ht=scontent-sin2-2.cdninstagram.com,
BoydsGunstocks,boydsgunstocks,"Boyds is the leading manufacturer of high-quality hardwood gunstocks in the world.
â€”â€”â€”â€”â€”â€”â€”
#boydsgunstocks #madeinamerica
â€”â€”â€”â€”â€”â€”â€”","Personal Goods & General Merchandise Stores",customers@boydsgunstocks.com,+16059965011,12089,https://scontent-sin2-2.cdninstagram.com/vp/78915b6c7fb8d25aed628db3295a6506/5CDB7861/t51.2885-19/s150x150/1209525_200958736918118_363296401_a.jpg?_nc_ht=scontent-sin2-2.cdninstagram.com,us
"Brownells, Inc.",brownellsinc,"Serious About Firearms Since 1939",,,,228118,https://scontent-sin2-2.cdninstagram.com/vp/ccfbe15f71841dd8f552349719ede776/5CFD86F9/t51.2885-19/s320x320/14474553_1418673504812646_8668586395356364800_a.jpg?_nc_ht=scontent-sin2-2.cdninstagram.com,
4WD.com,4wdhardware,"Welcome to the official Instagram profile of 4WD.com, where FREE SHIPPING is standard ğŸššğŸ“¦ 8009138579",,social@4wd.com,+18003335535,9732,https://scontent-sin2-2.cdninstagram.com/vp/8d9d35674290fabd068a70ba88721bca/5CE3716A/t51.2885-19/s320x320/14736422_1462278887119023_2828025128766406656_a.jpg?_nc_ht=scontent-sin2-2.cdninstagram.com,us
"Backyard Chicken Coops",backyardchickencoops,"ğŸ“ Everyone should experience keeping chickens
ğŸ˜€ 170,000 Followers on Facebook
ğŸšš Delivered to your door
ğŸ‘¨â€ğŸ‘©â€ğŸ‘§â€ğŸ‘¦ Family Owned - Visit usğŸ‘‡","Grocery & Convenience Stores",sales@backyardchickencoops.com.au,+61300763133,17266,https://scontent-sin2-2.cdninstagram.com/vp/b7332e0da84a1df5a61b46c41e570348/5CDAA9D0/t51.2885-19/s320x320/36816644_452272088579526_7861157033611886592_n.jpg?_nc_ht=scontent-sin2-2.cdninstagram.com,au
"Bravo Company USA",bravocompanyusa,"Bravo Company USA, Inc. was founded in 2003 by a veteran United States Marine in Hartland, WI. 877- BRAVO CO or info@bravocompanyusa.com (no PM's)",Publishers,,+18772728626,432153,https://scontent-sin2-2.cdninstagram.com/vp/5cb684dcacb5576e144f365b28699d0f/5CE482D0/t51.2885-19/11296830_1653645861537481_2024611729_a.jpg?_nc_ht=scontent-sin2-2.cdninstagram.com,
"buybuy BABY",buybuybaby,"Welcome! â¤ï¸ your favorite images & share photos of your cuties with #buybuyBABY & #babyhood for a chance to be featured.
Shop our feed:","Personal Goods & General Merchandise Stores",babyinstagram@buybuybaby.com,+18773289222,275746,https://scontent-sin2-2.cdninstagram.com/vp/a8d2a8f35e607dd256bde363026f3adb/5CC6D9B0/t51.2885-19/s320x320/45529088_287587788562008_2003462167520608256_n.jpg?_nc_ht=scontent-sin2-2.cdninstagram.com,
Cabela's,cabelas,"The World's Foremost Outfitter of hunting, fishing and outdoor gear. Add your outdoor photos to #iamoutdoors | #outdoordogs","Personal Goods & General Merchandise Stores",customer.service@cabelas.com,+18002374444,1094182,https://scontent-sin2-2.cdninstagram.com/vp/72e1dd9d9fc72a8b195ee29dbffb8733/5CC2F1B0/t51.2885-19/11821723_591611100980545_1832037422_a.jpg?_nc_ht=scontent-sin2-2.cdninstagram.com,us
Cariloha,cariloha,"Turning self-replenishing bamboo fields into luxuriously soft bamboo fabrics. #BambooNation","Personal Goods & General Merchandise Stores",media@cariloha.com,+18015623001,98837,https://scontent-sin2-2.cdninstagram.com/vp/e4a7cb2c1a85c248c917a19cc0dbe5e4/5CE50051/t51.2885-19/s320x320/26151883_161566471140744_7594331142375866368_n.jpg?_nc_ht=scontent-sin2-2.cdninstagram.com,us
"Cal State LA",calstatela,"Official account for Cal State LA, ranked number one in the U.S. for the upward mobility of our students. #WeAreLA","Professional Services",,+13233433000,14629,https://scontent-sin2-2.cdninstagram.com/vp/b884c5a912a1d68adbf72f6597e96430/5CDAC690/t51.2885-19/s320x320/42117285_340288083407618_5957328121559515136_n.jpg?_nc_ht=scontent-sin2-2.cdninstagram.com,us
CellularOutfitter,cellularoutfitter,"Wholesale Prices on Mobile & Tech Accessories ğŸ“±
Free Shipping US Orders over $25
90-Day Returns 
Phone Cases as low as $1.99
Shop $1.99 Items Now â¤µï¸","Personal Goods & General Merchandise Stores",support@cellularoutfitter.com,,8127,https://scontent-sin2-2.cdninstagram.com/vp/96e58460e7bde4a5498b050611121b84/5CDF4C7A/t51.2885-19/s320x320/14294789_1772173693022180_903391467_a.jpg?_nc_ht=scontent-sin2-2.cdninstagram.com,
"Century Martial Arts",centurymartialarts,"Shop all Signatur Series weapons and Century Martial Arts gear here:","Personal Goods & General Merchandise Stores",socialmedia@centurymartialarts.com,+18006262787,15554,https://scontent-sin2-2.cdninstagram.com/vp/e77bd6abe8c12dc5a6523f79a9afa99d/5CF5DABC/t51.2885-19/28763231_575449312830649_7211176607388532736_n.jpg?_nc_ht=scontent-sin2-2.cdninstagram.com,us
"Charlie Sugden",charm_charlie,,,,,35,https://scontent-sin2-2.cdninstagram.com/vp/7d506c96e07cbfb5a80c5afd61361524/5CDC2702/t51.2885-19/s320x320/10449082_173732849676228_1956449629_a.jpg?_nc_ht=scontent-sin2-2.cdninstagram.com,
"Charlotte Russe",charlotterusse,"Show us how you flaunt it with #CRbabe for a chance to be featured.","Personal Goods & General Merchandise Stores",social@charlotterusse.com,,950923,https://scontent-sin2-2.cdninstagram.com/vp/a67e46cab469272596e814c248a3d5b9/5CC68232/t51.2885-19/s320x320/30077574_403296573469586_4511967108426366976_n.jpg?_nc_ht=scontent-sin2-2.cdninstagram.com,
"Chico's Â®",lovechicos,"We dress in our outside voices. Adore color. Like big jewelry and big laughs. And every day, we grow a little bolder.","Personal Goods & General Merchandise Stores",chicos_social@chicos.com,+18888554986,64427,https://scontent-sin2-2.cdninstagram.com/vp/ddea2e9cc9b4396340fe8a6535bbacc0/5CCB95CA/t51.2885-19/s320x320/47693034_734668126919807_6719813137337417728_n.jpg?_nc_ht=scontent-sin2-2.cdninstagram.com,
"Chic Soul",shopchicsoul,"The fastest-growing online boutique in the nation! The current trends for sizes 10-22! 100+ new styles uploaded weekly! Shop the latest now: ğŸ‘‡ğŸ¼","Personal Goods & General Merchandise Stores",customerservice@chicsoul.com,,76233,https://scontent-sin2-2.cdninstagram.com/vp/468ba6d1157aa7d04fe7e934ae306ecf/5CE1483B/t51.2885-19/s150x150/13767733_1551962248443970_1866077570_a.jpg?_nc_ht=scontent-sin2-2.cdninstagram.com,
"Cheaper Than Dirt",cheaperthandirt,"America's largest online sporting goods retailer. Shop our huge selection of discount guns, ammo, parts, survival & hunting gear.
Current deals ğŸ‘‡","Personal Goods & General Merchandise Stores",social@cheaperthandirt.com,+18004218047,31861,https://scontent-sin2-2.cdninstagram.com/vp/db72efa0de6862e19823fc9c9e15f57e/5CC0E12C/t51.2885-19/s150x150/26383075_2008482662759329_6926650546040340480_n.jpg?_nc_ht=scontent-sin2-2.cdninstagram.com,
Celestron,celestronuniverse,"OFFICIAL INSTAGRAM for Celestron, the world's #1 telescope maker| Want your Celestron created images reposted? Add #CelestronRocks ğŸ”­ğŸŒŒğŸ”¬","Personal Goods & General Merchandise Stores",enter@celestron.com,+13103289560,29507,https://scontent-sin2-2.cdninstagram.com/vp/db0afc29fa201db0f950a96f67bef50d/5CF821E1/t51.2885-19/10852634_1515589038725373_90307611_a.jpg?_nc_ht=scontent-sin2-2.cdninstagram.com,us
ClearBags,clearbags,"A Premier Packaging Company. Thousands of clear packaging products. Bags, boxes & art supplies. Eco-friendly options available. #Packaging #ClearBags","Food & Personal Goods",sales@clearbags.com,+18002332630,23180,https://scontent-sin2-2.cdninstagram.com/vp/3e16662248bb8ffc589c6be78809c997/5CFEB150/t51.2885-19/s320x320/23498020_1997591123785806_6539678906113327104_n.jpg?_nc_ht=scontent-sin2-2.cdninstagram.com,us
"Cleveland Golf",clevelandgolf,"Official Instagram of Cleveland Golf #LaunchIt #GetCloser","Personal Goods & General Merchandise Stores",haleyzagoria@clevelandgolf.com,+18009996263,67411,https://scontent-sin2-2.cdninstagram.com/vp/591f85d805a650bbd0aefa9fd78cca18/5CFDC8D2/t51.2885-19/s320x320/21147463_718920844963280_6086039156025196544_a.jpg?_nc_ht=scontent-sin2-2.cdninstagram.com,
Coach,coach,"The original American house of leather. Est. 1941. #CoachNY","Personal Goods & General Merchandise Stores",social@coach.com,,3535551,https://scontent-sin2-2.cdninstagram.com/vp/8d2ee4b624f2d59c07268b0c11dc88ef/5CC5391A/t51.2885-19/s320x320/33323493_1902243029809991_8416814373082759168_n.jpg?_nc_ht=scontent-sin2-2.cdninstagram.com,
"COBB Tuning",cobbtuning,"Making the world faster one car at a time!
Follow us and tag your pictures to be featured on our website!!
#cobbtuning #accessport #cobbeverything","Auto Dealers",support@cobbtuning.com,+18669223059,117024,https://scontent-sin2-2.cdninstagram.com/vp/1423de58c3580d6b44c649542b71eb8f/5CF81A8D/t51.2885-19/11820544_1114477175232597_1365923756_a.jpg?_nc_ht=scontent-sin2-2.cdninstagram.com,us
"ColourPop Cosmetics",colourpopcosmetics,"Made in LA âš¡ï¸ 
Cruelty Free ğŸ¶ 
#ColourPopMe","Personal Goods & General Merchandise Stores",colourpop@colourpop.com,,6962821,https://scontent-sin2-2.cdninstagram.com/vp/feb31d806e893671fdaf85ece3bbe596/5CDDC255/t51.2885-19/s320x320/29403412_393349547742672_623110994855460864_n.jpg?_nc_ht=scontent-sin2-2.cdninstagram.com,
ConsumerCrafts,consumercrafts,"Enjoy competitive prices from a reliable online craft store: ConsumerCraftsâ€¦Creativity Made Affordable!","Personal Goods & General Merchandise Stores",customer_service@consumercrafts.com,+18885527238,13401,https://scontent-sin2-2.cdninstagram.com/vp/fa8300f91fcfa215d7c59959037d7734/5CCBE126/t51.2885-19/s320x320/21985044_272219133298531_9130136616210268160_n.jpg?_nc_ht=scontent-sin2-2.cdninstagram.com,
"Corvette Central",corvettecentralmi,"Corvette Central is a leading manufacturer and distributor of Corvette parts and accessories since 1975",,,,5,https://instagram.fkgf1-1.fna.fbcdn.net/vp/81d7de647aed8a8ba183966d631320eb/5CDDD9F1/t51.2885-19/44884218_345707102882519_2446069589734326272_n.jpg?_nc_ht=instagram.fkgf1-1.fna.fbcdn.net,
CreateForLess,createforless,"Craft, create, and inspire on any budget.","Personal Goods & General Merchandise Stores",info@createforless.com,+18663334463,2086,https://scontent-sin2-2.cdninstagram.com/vp/7e0ecb4aee625bec423b629e876ecdf7/5CFAF8BC/t51.2885-19/11809631_504682613033596_120511918_a.jpg?_nc_ht=scontent-sin2-2.cdninstagram.com,us
"Cole Haan",colehaan,"The official Instagram for Cole Haan U.S. Craft, style, and engineering. #ColeHaanAllDay
Shop our feed via link in bio","Personal Goods & General Merchandise Stores",customerservice@colehaan.com,+18006958945,258668,https://scontent-sin2-2.cdninstagram.com/vp/e83d518bdd7aa3e5ab0f5713d96dc424/5CC9CD7E/t51.2885-19/s320x320/47585085_630630107390997_2539131210232233984_n.jpg?_nc_ht=scontent-sin2-2.cdninstagram.com,us
crosmancorp,crosmancorp,"Providing the gateway to outdoor adventures since 1924. The home of Crosman and Benjamin air guns. Tag us in your photos to be featured.","Personal Goods & General Merchandise Stores",jduncan@crosman.com,+18007247486,13208,https://scontent-sin2-2.cdninstagram.com/vp/444be872b843f30c6e7fabfdff25952b/5CCA9693/t51.2885-19/11296826_1035629036449974_78699817_a.jpg?_nc_ht=scontent-sin2-2.cdninstagram.com,us
"Clean MamaÂ®",cleanmama,"Homekeeping and natural cleaning expert.
Helping you simplify everyday life!  #cleanmama #cleanmamascleaningroutine","Personal Goods & General Merchandise Stores",clean.mama@yahoo.com,,270474,https://scontent-sin2-2.cdninstagram.com/vp/7adbae74fe6ca975e10d5e6bfcfe6f5b/5CC067F0/t51.2885-19/s320x320/34286421_1531244520320584_4697048317341728768_n.jpg?_nc_ht=scontent-sin2-2.cdninstagram.com,
"CrossBreed Holsters Official",crossbreed_holsters,"Superior hybrid holsters handcrafted in America!","Personal Goods & General Merchandise Stores",info@crossbreedholsters.com,+18887325011,35692,https://scontent-sin2-2.cdninstagram.com/vp/4b944114f61a567772dbc280fcb92707/5CF66453/t51.2885-19/s320x320/34128393_238509146733039_9219789235265994752_n.jpg?_nc_ht=scontent-sin2-2.cdninstagram.com,us
"Corvette Mods",corvettemods,"Corvette Parts | Accessories | Apparel 
INC 5000 FastestğŸ“ˆ18,17,16 & 15ğŸ¥‡
Worlds Largest Selection/Top Rated Service
DM 4 a Feature
Shopâ¬‡ï¸ #corvettemods","Auto Dealers",sales@corvettemods.com,+18887846921,55289,https://scontent-sin2-2.cdninstagram.com/vp/0c5c46202fb49306b218d7f6204fde04/5CCB3DC9/t51.2885-19/10666151_462483053908933_1030293384_a.jpg?_nc_ht=scontent-sin2-2.cdninstagram.com,us
"Competitive Cyclist",competitivecyclist,"We are an online specialty retailer of road and mountain bikes, components, apparel, and accessories.","Personal Goods & General Merchandise Stores",service@competitivecyclist.com,+18882767130,16250,https://scontent-sin2-2.cdninstagram.com/vp/f8c899da68a2f5e9b44211bcd3bd7628/5CE24CBA/t51.2885-19/s320x320/44923117_267698427226094_2029885033958866944_n.jpg?_nc_ht=scontent-sin2-2.cdninstagram.com,
CreativeLive,creativelive,"There's a creator in all of us.
Photos from our students, instructors, and team. Tag #CreativeLive to be featured.
Get your learn on ğŸ‘‡: ğŸ“¸ğŸ¨ğŸ¤âœ‚ï¸ğŸ’°","Local Events",support@creativelive.com,,287910,https://scontent-sin2-2.cdninstagram.com/vp/88d5f3c8c5c9c1e5b4cb552e2c27459d/5CE75A65/t51.2885-19/10953193_1021050171246015_1441590673_a.jpg?_nc_ht=scontent-sin2-2.cdninstagram.com,us
"Lexington Herald-Leader",kentuckycom,"Capturing Kentucky one frame at a time ğŸ“¸",Publishers,hlcityregion@herald-leader.com,+18592313100,10814,https://scontent-sin2-2.cdninstagram.com/vp/f84dd7bb0150af202e39976aa27d88cd/5CC952E6/t51.2885-19/11199363_886371938116079_687812612_a.jpg?_nc_ht=scontent-sin2-2.cdninstagram.com,us
"Kipling USA",kiplingusa,"The official Instagram of Kipling USA.","Personal Goods & General Merchandise Stores",,,72853,https://scontent-sin2-2.cdninstagram.com/vp/89ab057a34e0b9c3c085a2ee2c5276ba/5CF75918/t51.2885-19/s320x320/33994667_221353831978510_6623749751311433728_n.jpg?_nc_ht=scontent-sin2-2.cdninstagram.com,us
KitchenSource.com,kitchen_source,"KitchenSource.com is committed to finding you the best products to make your home the best place on the planet for you.  Follow us at #kitchen_source","Home Services",support@kitchensource.com,+18006678721,156,https://scontent-sin2-2.cdninstagram.com/vp/6815c9e23bb19c886548ae7b6d76e664/5CCAC44A/t51.2885-19/11008109_395757810584828_2018166223_a.jpg?_nc_ht=scontent-sin2-2.cdninstagram.com,us
"Current Catalog",current_catalog,"Celebrate life's special moments with high-quality treasures from Current Catalog. 
ğŸ‘‡Enter our #CurrentGiveawayğŸ‘‡","Personal Goods & General Merchandise Stores",currentcustomerservice@currentinc.com,+18008482848,4421,https://scontent-sin2-2.cdninstagram.com/vp/85e385c1f38081338f346615b4a06f4c/5CC8DD59/t51.2885-19/s320x320/918143_603006496519362_187669939_a.jpg?_nc_ht=scontent-sin2-2.cdninstagram.com,us
"Cotton On Body",cottononbody,"Official Instagram of Cotton On Body
Love ğŸ’•our Insta feed? Shop it nowğŸ‘‡ğŸ»","Personal Goods & General Merchandise Stores",customerenquiries@cottonon.com.au,,399022,https://scontent-sin2-2.cdninstagram.com/vp/082892c9ba58ed3d64a72151e4ed9737/5CF50A3F/t51.2885-19/s320x320/11875424_1490276187934833_981202887_a.jpg?_nc_ht=scontent-sin2-2.cdninstagram.com,
Cyberweld.com,cyberweld,"The Official Instagram Account of Cyberweld. Shipping From New Jersey & Arizona","Personal Goods & General Merchandise Stores",info@cyberweld.com,+18883289890,7263,https://scontent-sin2-2.cdninstagram.com/vp/bf5ca228fc0a534b33e5abcd868cbbe9/5CE16F4C/t51.2885-19/s320x320/14488226_1267876079950214_8141278498623848448_a.jpg?_nc_ht=scontent-sin2-2.cdninstagram.com,us
Kelty,keltybuilt,"noun | \kel-tee\ (1) activity engaged in for enjoyment and recreation. (2) a replacement for something way more fun. #builtforplay #keltybuilt","Personal Goods & General Merchandise Stores",,+18005353589,50078,https://scontent-sin2-2.cdninstagram.com/vp/da6590a92630b495d5309edac75ebf56/5CFFE573/t51.2885-19/s320x320/27879009_1966678473660122_7133152105480585216_n.jpg?_nc_ht=scontent-sin2-2.cdninstagram.com,us
"Northwest Firearms",northwestfirearms,"Organization dedicated to supporting gun owners of Oregon, Washington, and Idaho",,,,7,https://scontent-sin2-2.cdninstagram.com/vp/8eb9cf5981c7f940eeaffb23a887b930/5CC3146F/t51.2885-19/s150x150/14716513_1337924996247841_822735302337495040_a.jpg?_nc_ht=scontent-sin2-2.cdninstagram.com,
KegWorks,kegworks,"We sell Tools For Drinking. Draft Beer Equipment, cocktail ingredients, bar tools, drinkware, and bar rails. Also find us @behind_thebar","Personal Goods & General Merchandise Stores",,+18776363673,2946,https://scontent-sin2-2.cdninstagram.com/vp/47b51ae2232365e89a31782b5bc2224a/5CC9C63F/t51.2885-19/s320x320/12976149_466228663575144_700028157_a.jpg?_nc_ht=scontent-sin2-2.cdninstagram.com,us
Nosler,noslerinc,"Bullets â€¢ Brass â€¢ Ammo â€¢ Rifles","Personal Goods & General Merchandise Stores",,+18002853701,72739,https://scontent-sin2-2.cdninstagram.com/vp/784c5b6a1755c000a9fd390ad862bc37/5CFF7276/t51.2885-19/s150x150/42003701_1979757648737525_132583858016092160_n.jpg?_nc_ht=scontent-sin2-2.cdninstagram.com,
Nautica,nautica,"Since 1983 âš“ï¸ ğŸš© 
#MyNautica","Personal Goods & General Merchandise Stores",,,340612,https://scontent-sin2-2.cdninstagram.com/vp/b6758f0194ea5f80abf776f78e368c3c/5CDAD5B9/t51.2885-19/s320x320/12568749_665784170226891_132756501_a.jpg?_nc_ht=scontent-sin2-2.cdninstagram.com,us
"The Nation",thenation_pk,,Publishers,online@nation.com.pk,+924236367580,21848,https://scontent-sin2-2.cdninstagram.com/vp/8247274d1ccacd55d2f5b4b7e720cc72/5CE39FA7/t51.2885-19/s320x320/14704926_715339265284267_7986497845895102464_a.jpg?_nc_ht=scontent-sin2-2.cdninstagram.com,
"New Belgium Brewing",newbelgium,"ğŸ™ŒMust be 21+ to follow. #craftbeerlife #employeeowned #ownyourshit And check out @fattire for outdoor adventures","Local Events",nbb@newbelgium.com,+19702210524,265760,https://scontent-sin2-2.cdninstagram.com/vp/0ba249376d1d8f16f6213a45c81ff5e1/5CF9B7B0/t51.2885-19/11906135_1483743708588543_695053637_a.jpg?_nc_ht=scontent-sin2-2.cdninstagram.com,us
Nixon,nixon_now,"We moved â†’ @nixon
Follow all #nixon news at @nixon or visit us at",,,,201,https://instagram.fsig3-1.fna.fbcdn.net/vp/6c59b4fbc36bf434811f4fbc52b59ba1/5CDDD9F1/t51.2885-19/44884218_345707102882519_2446069589734326272_n.jpg?_nc_ht=instagram.fsig3-1.fna.fbcdn.net,
Offers.com,offerscom,"Offers.com provides the best offers, deals, coupon codes, promos, free trials & more! Our goal is to save you both time & money by shopping online.",,,,1500,https://scontent-sin2-2.cdninstagram.com/vp/afbf3fc07ff02c47c85594aff4915f3b/5CDFEB52/t51.2885-19/s150x150/13732233_1403901292959644_1185768912_a.jpg?_nc_ht=scontent-sin2-2.cdninstagram.com,
"Onitsuka Tiger",onitsukatigerus,"Share yours. #OnitsukaTiger.
Sign up to receive the latest updates on product releases, limited edition footwear, accessories and apparel.","Personal Goods & General Merchandise Stores",CustomerCare-us@onitsukatiger.com,+18552333122,45837,https://scontent-sin2-2.cdninstagram.com/vp/9d5b1f0417cadd824fe4a66b9c208337/5CC4BD88/t51.2885-19/s320x320/36148386_411106769407993_6523629313407844352_n.jpg?_nc_ht=scontent-sin2-2.cdninstagram.com,us
"ğ—¢ğ—£ğ—§ ğ˜›ğ˜©ğ˜¦ ğ˜›ğ˜¦ğ˜­ğ˜¦ğ˜´ğ˜¤ğ˜°ğ˜±ğ˜¦ ğ˜ˆğ˜¶ğ˜µğ˜©ğ˜°ğ˜³ğ˜ªğ˜µğ˜º",optcorp,"ğŸŒğ—Ÿğ—®ğ—¿ğ—´ğ—²ğ˜€ğ˜ ğ—§ğ—²ğ—¹ğ—²ğ˜€ğ—°ğ—¼ğ—½ğ—² ğ—¦ğ˜‚ğ—½ğ—½ğ—¹ğ—¶ğ—²ğ—¿ ğ—¶ğ—» ğ˜ğ—µğ—² ğ—ªğ—¼ğ—¿ğ—¹ğ—±
ğŸ”­ Share with #OPTeam for repost.
ğŸŒŒ Follow OPT on Facebook
ğŸ“1.800.483.62","Personal Goods & General Merchandise Stores",opt@optcorp.com,+18004836287,6238,https://scontent-sin2-2.cdninstagram.com/vp/1fb096f4843fda7a80860364adb9d615/5CC079CB/t51.2885-19/s320x320/15877334_351663815201546_5160963153915281408_n.jpg?_nc_ht=scontent-sin2-2.cdninstagram.com,
"OsterÂ® Kitchen",osterkitchen,"We're here to give you a fresh experience in the kitchen with mouth-watering recipes and helpful tips. Use #OsterKitchen for a chance to be featured.","Home Goods Stores",fmanrique@urbanacreative.com,,3426,https://scontent-sin2-2.cdninstagram.com/vp/922c1e92e430cf2fcd4200c329d9dc15/5CE14A57/t51.2885-19/s150x150/12145372_1640931026156085_1250705746_a.jpg?_nc_ht=scontent-sin2-2.cdninstagram.com,
"Tokyo Otaku Mode",tokyootakumode,"Official Tokyo Otaku Mode Instagram
#TOMSenpaiNoticeMe or #tokyootakumode to get noticed ğŸ˜„",Publishers,support@tokyootakumode.com,,416829,https://scontent-sin2-2.cdninstagram.com/vp/2be9076546871c81067f8ac26987fcd3/5CDA9F24/t51.2885-19/s150x150/10560937_795578707237652_145711855_a.jpg?_nc_ht=scontent-sin2-2.cdninstagram.com,
Nisolo,nisoloshoes,"Intentionally designed. Ethically made. Fairly priced. #InMyNisolos
Shop Menâ€™s ğŸ‘‰ @nisolomens","Personal Goods & General Merchandise Stores",support@nisolo.com,+16159531087,116922,https://scontent-sin2-2.cdninstagram.com/vp/a74b45e1776f09b2adb2ec393596820a/5CF441A4/t51.2885-19/s320x320/16583708_1708651422759153_7631450229727821824_a.jpg?_nc_ht=scontent-sin2-2.cdninstagram.com,us
Overton's,overtonsh2o,"America's Marine & Watersports Superstore!","Personal Goods & General Merchandise Stores",facebook@overtons.com,+18003346541,1276,https://scontent-sin2-2.cdninstagram.com/vp/d895a211841ad0173ef76130c7e2e8fb/5CF882D9/t51.2885-19/s150x150/24175431_386851158437650_3609578643992346624_n.jpg?_nc_ht=scontent-sin2-2.cdninstagram.com,us
"Tandy Leather",tandyleather,"Tandy Leather Official IG.","General Interest",social@tandyleather.com,+18775328437,34809,https://scontent-sin2-2.cdninstagram.com/vp/112eee818e0b71e5b6b1b2aac4c8b7c8/5CC07176/t51.2885-19/s320x320/18512878_354675221601489_7104382769559502848_a.jpg?_nc_ht=scontent-sin2-2.cdninstagram.com,
NOBULL,nobullproject,"ğŸ“68 Prince St. New York, NY
#IAMNOBULL","Food & Personal Goods",connect@nobullproject.com,,479597,https://scontent-sin2-2.cdninstagram.com/vp/a443c5e5d152273d5eedd1075ba03b77/5CF70284/t51.2885-19/s150x150/12677320_191239014564870_2036637365_a.jpg?_nc_ht=scontent-sin2-2.cdninstagram.com,
TascaParts.com,tasca_parts,"Nothing Fits Like an Original
Since 1953
#1 source for OEM auto parts","Auto Dealers",tascaparts@tasca.com,+18005981484,324,https://scontent-sin2-2.cdninstagram.com/vp/dbb475f9920cc4686c50cb1f10136bc1/5CCAF19E/t51.2885-19/s320x320/33141415_363797337444287_3508523634090049536_n.jpg?_nc_ht=scontent-sin2-2.cdninstagram.com,us
Tempur-Pedic,tempurpedic,"Experience the all-new Tempur-Pedic. Reinvented for your most rejuvenating sleep. Use #TempurPedic to share your Tempur story.","Home & Auto",,+18008216621,18222,https://scontent-sin2-2.cdninstagram.com/vp/f9dce530e51fae2a31bb828b194bee0f/5CFB9142/t51.2885-19/34170210_2050550511938439_7456722112493912064_n.jpg?_nc_ht=scontent-sin2-2.cdninstagram.com,
Thule,thule,"ğŸ“· Regram? Tag #thule #bringyourlife 
ğŸ“² Collabs? socialmedia@thule.com","Home Services",support@thule.com,,108448,https://scontent-sin2-2.cdninstagram.com/vp/33092cb830958a8082a47430c6caa7c1/5CCBA9D8/t51.2885-19/11349156_421683814700351_1134523888_a.jpg?_nc_ht=scontent-sin2-2.cdninstagram.com,
"New York & Company",nyandcompany,"Signature NYC style, inspired by you. 
ğŸ“·: Tag #IAmNYandCo to join the conversation","Personal Goods & General Merchandise Stores",,+18009619906,226866,https://scontent-sin2-2.cdninstagram.com/vp/e87b47885bd133362f046614e692b176/5CDCB0A0/t51.2885-19/s320x320/42843542_491896964645705_5572146602526638080_n.jpg?_nc_ht=scontent-sin2-2.cdninstagram.com,
Ties.comÂ®,tiesdotcom,"We Tie Your Look Together
#TiesDotCom","Personal Goods & General Merchandise Stores",customerservice@ties.com,+18002892843,24580,https://scontent-sin2-2.cdninstagram.com/vp/d8583a48dc72d7922f11e925c0cef741/5CE77135/t51.2885-19/s320x320/43915050_338542316723411_6699624141051396096_n.jpg?_nc_ht=scontent-sin2-2.cdninstagram.com,us
"The Tile App",thetileapp,,,,,208,https://scontent-vie1-1.cdninstagram.com/vp/2d96e9fa33a14bcd93793b13bf38501e/5CDDD9F1/t51.2885-19/44884218_345707102882519_2446069589734326272_n.jpg?_nc_ht=scontent-vie1-1.cdninstagram.com,
"TaylorMade Golf",taylormadegolf,"The Official Instagram of TaylorMade Golf - Carlsbad, CA","Personal Goods & General Merchandise Stores",,,677900,https://scontent-sin2-2.cdninstagram.com/vp/61a6f642022e5545e364935aed817d29/5CE21B30/t51.2885-19/s320x320/22069722_135222810437579_7072497881541771264_n.jpg?_nc_ht=scontent-sin2-2.cdninstagram.com,us
"Orion Telescopes & Binoculars",oriontelescopes,"Featuring astronomy images by the Orion community plus our favorite gear. Clear skies! ğŸŒ˜ğŸŒŒğŸ”­ğŸŒ","Personal Goods & General Merchandise Stores",sales@telescope.com,+18004471001,3896,https://scontent-sin2-2.cdninstagram.com/vp/3c1ffa2647bbc64169389c6a11abdbd0/5CE574CB/t51.2885-19/11176076_1759781157582626_2073555868_a.jpg?_nc_ht=scontent-sin2-2.cdninstagram.com,
Timberland,timberland,"At #timberland, in everything we do + make, we focus on getting outside and creating a culture that gives.","Personal Goods & General Merchandise Stores",,+18888029947,2278951,https://scontent-sin2-2.cdninstagram.com/vp/6785782d2524229ff45a2c6555aa1208/5CC100FA/t51.2885-19/s150x150/21827642_352495748543629_1031286029329367040_n.jpg?_nc_ht=scontent-sin2-2.cdninstagram.com,
T.M.Lewin,tmlewin,"Great British business wear since 1898 ~    
Final Reductions now live! Save up to 70% off âœ¨","Personal Goods & General Merchandise Stores",social.media@tmlewin.co.uk,,59168,https://scontent-sin2-2.cdninstagram.com/vp/41b523f208b98e8ce515ae92f129b08e/5CF46A2F/t51.2885-19/s320x320/14730718_1061791023889588_9005900907602247680_a.jpg?_nc_ht=scontent-sin2-2.cdninstagram.com,
Timbuk2,timbuk2,"Building lifetime warranty bags in the heart of the San Francisco Mission District since 1989 | #timbuk2","Personal Goods & General Merchandise Stores",social@timbuk2.com,,48205,https://scontent-sin2-2.cdninstagram.com/vp/5456b6e61392d785f3ef7ef584088e69/5CFFEC60/t51.2885-19/s150x150/20766221_456354131431103_6248066011287781376_a.jpg?_nc_ht=scontent-sin2-2.cdninstagram.com,us
"TOM FORD",tomford,"The official account of TOM FORD.","Personal Goods & General Merchandise Stores",assistance@tomfordinternational.com,,8433140,https://scontent-sin2-2.cdninstagram.com/vp/359a4cb5f14f9723aae5357061a4740a/5CF5AD99/t51.2885-19/11357464_918624411543977_148173364_a.jpg?_nc_ht=scontent-sin2-2.cdninstagram.com,
TheBathOutlet,thebathoutlet,"Shop for high-end designer bathroom products! We ğŸ’™ to discuss, share and provide home inspiration. Visit TheBathOutlet today!","Personal Goods & General Merchandise Stores",cs@thebathoutlet.com,+18772561645,13960,https://scontent-sin2-2.cdninstagram.com/vp/4192ef4c383da35cf661c7473422e5f3/5CE48D4C/t51.2885-19/11848917_1524598117762585_1093998024_a.jpg?_nc_ht=scontent-sin2-2.cdninstagram.com,
"The Frye Company",thefryecompany,"The Original. The Authentic. The Only. Since 1863. Share your FRYE photos with #InMyFRYE.","Personal Goods & General Merchandise Stores",customerservice@thefryecompany.com,,193951,https://scontent-sin2-2.cdninstagram.com/vp/586013de56ef2ddec8506ef53baa1a40/5CF600FF/t51.2885-19/s320x320/12407684_953359404755242_1465703764_a.jpg?_nc_ht=scontent-sin2-2.cdninstagram.com,us
Reformation,reformation,"Being naked is the #1 most sustainable option. We're #2.","Personal Goods & General Merchandise Stores",love@thereformation.com,+18557560560,1201090,https://scontent-sin2-2.cdninstagram.com/vp/b4fc617a2ddfaca6835ede72f15f4879/5CDFEC35/t51.2885-19/s320x320/36793979_308008219740750_3887640384423067648_n.jpg?_nc_ht=scontent-sin2-2.cdninstagram.com,
"Tieks by Gavrieli",tieks,"The Ballet Flat, Reinvented. Please tag your pics #tieks!","Personal Goods & General Merchandise Stores",service@tieks.com,+13106018967,367264,https://scontent-sin2-2.cdninstagram.com/vp/9c5cda7b5d93721b57ef928b0e91a02c/5CDC38FB/t51.2885-19/s320x320/23348005_1970270733220629_1291646723474587648_n.jpg?_nc_ht=scontent-sin2-2.cdninstagram.com,
TravelSmith,travelsmith_outfitters,"Clothing, gear & inspiration for every journey. ğŸŒ","Personal Goods & General Merchandise Stores",service@cs.travelsmith.com,+18007703387,1328,https://scontent-sin2-2.cdninstagram.com/vp/1be734e57e06a88e33964e4a10a93330/5CDED00B/t51.2885-19/s320x320/14134969_182184928881252_1756359130_a.jpg?_nc_ht=scontent-sin2-2.cdninstagram.com,
"Turner Motorsport",turnermotorsport,"Official account for BMW parts specialist & race team. 7 Time Championship winning race team & 2014 GTD Champions. #turnermotorsport","Auto Dealers",info@turnermotorsport.com,+18002806966,68133,https://scontent-sin2-2.cdninstagram.com/vp/92533082de6cc7dfd2e834fede201dff/5CFBE8A3/t51.2885-19/s320x320/13402422_1214353518575037_1894569189_a.jpg?_nc_ht=scontent-sin2-2.cdninstagram.com,us
TUMI,tumitravel,#PerfectingTheJourney,"Personal Goods & General Merchandise Stores",social@tumi.com,,187610,https://scontent-sin2-2.cdninstagram.com/vp/b6dfa8cdce0aefc5038d8b18f0f5ba07/5CCB6AF1/t51.2885-19/s320x320/12224338_421882208007373_441182591_a.jpg?_nc_ht=scontent-sin2-2.cdninstagram.com,
"Twisted Throttle",twistedthrottlecom,"Expert Motorcycle Outfitters for ADV, Street, Touring & More!
#TwistedThrottle #TwistedTuesday #DenaliElectronics #DrySpec
YouTube.com/TwistedThrottle","Personal Goods & General Merchandise Stores",info@twistedthrottle.com,+18552555550,5948,https://scontent-sin2-2.cdninstagram.com/vp/14e9dd597936ff57a2542c7b7b37865a/5CFA3429/t51.2885-19/10946398_1418182818474323_510116045_a.jpg?_nc_ht=scontent-sin2-2.cdninstagram.com,us
"Idaho Statesman",idahostatesman,"We're bringing you local news in Boise and across the Treasure Valley.",Publishers,onlinenews@idahostatesman.com,+12083776200,8959,https://scontent-sin2-2.cdninstagram.com/vp/d5f24423c8d559b98ec1390bfc676ef0/5CFB768F/t51.2885-19/s320x320/44179207_702695176774875_4801626673600528384_n.jpg?_nc_ht=scontent-sin2-2.cdninstagram.com,us
"Tiffany & Co.",tiffanyandco,"TIFFANY & CO.â€”founded in New York City in 1837â€”is synonymous with superlative diamonds, innovative jewelry design and expert craftsmanship.","Personal Goods & General Merchandise Stores",,,9779403,https://scontent-sin2-2.cdninstagram.com/vp/4c2af77705aaa39f9c2cf8f193735e19/5CFF3DB0/t51.2885-19/s320x320/31556677_230924840988821_7446189048797855744_n.jpg?_nc_ht=scontent-sin2-2.cdninstagram.com,us
Tillys,tillys,"Shop your favorite brands online 24/7.","Personal Goods & General Merchandise Stores",social@tillys.com,+18664845597,401235,https://scontent-sin2-2.cdninstagram.com/vp/ddfd87f410a042ddfe0b281fbe178765/5CCA8425/t51.2885-19/s320x320/14482109_1758587621075354_5311205456436264960_a.jpg?_nc_ht=scontent-sin2-2.cdninstagram.com,
"Tommie Copper",tommiecopper,"ğŸ‘• Compression and Activewear
ğŸ’ªÂ Muscle Recovery
ğŸ‘‰ Comfortable Support
â™»ï¸ Improved Circulation 
â¬ Reduce Pain
ğŸš¨ Shop now:","Personal Goods & General Merchandise Stores",social@tommiecopper.com,+18556928291,5733,https://scontent-sin2-2.cdninstagram.com/vp/f6a9b8eca879fae8b243a874cbf04ee9/5D00E636/t51.2885-19/11372054_1630696163859475_353556763_a.jpg?_nc_ht=scontent-sin2-2.cdninstagram.com,
"Igloo Coolers",igloocoolers,"Official Instagram
Share your #igloocoolers with #iglooanywhere","Personal Goods & General Merchandise Stores",,,62683,https://scontent-sin2-2.cdninstagram.com/vp/6877873234252b9bafb0b2793ec15a05/5CDD964D/t51.2885-19/s320x320/31905568_173782686616417_6948707466553065472_n.jpg?_nc_ht=scontent-sin2-2.cdninstagram.com,us
JanSport,jansport,"The original since 1967
ğŸ‘‡Shop our feed + show us your #LifeUnzipped","Personal Goods & General Merchandise Stores",js_customer_services@vfc.com,+18558185966,252666,https://scontent-sin2-2.cdninstagram.com/vp/c31e85530e33f95c4415f2c4e5f9b5dd/5CC0C6B2/t51.2885-19/s320x320/47234641_268082113862963_5426439244304351232_n.jpg?_nc_ht=scontent-sin2-2.cdninstagram.com,
"JEGS Performance",jegsperformance,"FREE SHIPPING on Car & Truck Auto Parts & Accessories Orders Over $99 Ships Same Day! | GIVEAWAYS EVERY MONDAY | JEGS.com | 1-800-345-4545 |","Personal Goods & General Merchandise Stores",myexperience@jegs.com,+18003454545,158372,https://scontent-sin2-2.cdninstagram.com/vp/c0f15afcdc3af8529adde9508f952e27/5CE679E0/t51.2885-19/s320x320/23164794_148036202611083_2271786800479469568_n.jpg?_nc_ht=scontent-sin2-2.cdninstagram.com,us
"Tory Burch",toryburch,"Founder, Designer & Executive Chairman
@torysport: The elegance of sport
@toryburchfoundation: Empowering women entrepreneurs","Home Services",inquiries@toryburch.com,,2028282,https://scontent-sin2-2.cdninstagram.com/vp/95b92c8633dc3c20b023041699b5e73b/5CE6A0B5/t51.2885-19/s320x320/11881827_496433693878989_1013037259_a.jpg?_nc_ht=scontent-sin2-2.cdninstagram.com,
Tradesy,tradesy,"The trusted way to buy and sell pre-owned luxury designer fashion. Share your treasures with us #tradesytreasures","Content & Apps",team@tradesy.com,,53343,https://scontent-sin2-2.cdninstagram.com/vp/67d205871a3e8aa4d427b9a976b413aa/5CE4E2EC/t51.2885-19/s320x320/16110221_592482137605008_4237226447162310656_n.jpg?_nc_ht=scontent-sin2-2.cdninstagram.com,
ILoveDooney,ilovedooney,"Last season's Dooney & Bourke styles at prices that are easy to love.","Personal Goods & General Merchandise Stores",service@ilovedooney.com,+18008240003,16740,https://scontent-sin2-2.cdninstagram.com/vp/44696a1713deedf869df0dd4374389ae/5CFF6048/t51.2885-19/11428604_1664512480444099_403314721_a.jpg?_nc_ht=scontent-sin2-2.cdninstagram.com,
INDOCHINO,indochino,"Your suit, your style. Use hashtag #MyIndochino or #IndochinoWeddings to be featured
Showroom Openings:
Opening Soon | Portland February 1","Personal Goods & General Merchandise Stores",info@indochino.com,+18553340788,75611,https://scontent-sin2-2.cdninstagram.com/vp/936a74ddebe36a87ffcc029b6992704e/5CF4E383/t51.2885-19/s320x320/29404294_640125409652836_6600699078445629440_n.jpg?_nc_ht=scontent-sin2-2.cdninstagram.com,
"JOANN Fabric and Craft Stores",joann_stores,"We inspire creativity & help you find your happy place! Tag us @joann_stores and show us what you made #handmadewithjoann for a repost.
Shop our feed.","Personal Goods & General Merchandise Stores",customer.service@joann.com,+18887394120,525891,https://scontent-sin2-2.cdninstagram.com/vp/607f5a0a617ace2bd5814e6f0f24d8b8/5CE4AA33/t51.2885-19/20759805_1461184970629363_4544978952912896000_a.jpg?_nc_ht=scontent-sin2-2.cdninstagram.com,
"John Deere",johndeere,"Official John Deere Instagram account. Please see our complete list of House Rules: bit.ly/1hCxm5c","Personal Goods & General Merchandise Stores",,,588386,https://scontent-sin2-2.cdninstagram.com/vp/73ef8ce9554c8879e0f9eaeafed7dcd2/5CC15848/t51.2885-19/s150x150/47585587_2305433119690994_3258330222751121408_n.jpg?_nc_ht=scontent-sin2-2.cdninstagram.com,us
"Johnston & Murphy",johnstonmurphy,"Outfitting legends, leaders, and independent souls for more than 165 years. Tag @johnstonmurphy /  #johnstonandmurphy","Personal Goods & General Merchandise Stores",johnstonmurphy@johnstonmurphy.com,+18004242854,56031,https://scontent-sin2-2.cdninstagram.com/vp/d58d635c2bb44ed0e46fc40198e578c4/5CCA3C61/t51.2885-19/s320x320/12353441_196582977350060_623658378_a.jpg?_nc_ht=scontent-sin2-2.cdninstagram.com,
"JD.com Global",joybuy.com_official,"Hello! We are #Joybuy, your place to find the best products at the lowest prices. Stay tuned for the best #deals ğŸ˜","Home Services",contact@jd.com,,398,https://scontent-sin2-2.cdninstagram.com/vp/8b6a7607e6596c2c4ef349171ab86aa5/5CCA0C93/t51.2885-19/s150x150/29739702_1475161239273806_6694815474191958016_n.jpg?_nc_ht=scontent-sin2-2.cdninstagram.com,cn
"J&P Cycles",jpcycles,"6 Things Every Motorcyclist Should Do In 2019 ğŸ‘‡","Personal Goods & General Merchandise Stores",customerservice@jpcycles.com,+18003184823,41737,https://scontent-sin2-2.cdninstagram.com/vp/82f617fa5766475d23582966f02bd8df/5CE7A3E1/t51.2885-19/s320x320/43707901_181507492729279_3360080321570668544_n.jpg?_nc_ht=scontent-sin2-2.cdninstagram.com,
,safavieh_official,,,,,0,https://scontent-sin2-2.cdninstagram.com/vp/12d78ddd0867d7234a12e5a9848408e8/5CF7C6E6/t51.2885-19/s320x320/21910980_192934027914806_3129821816252530688_n.jpg?_nc_ht=scontent-sin2-2.cdninstagram.com,
JustForJeeps.com,justforjeeps,"We Live. We Ride. We Are. Jeep.","Auto Dealers",support@justforjeeps.com,+18886515337,1232,https://scontent-sin2-2.cdninstagram.com/vp/a52a893ba63d0d6ba8150c105e119b59/5CE130C5/t51.2885-19/s320x320/12918562_265101653825762_230625545_a.jpg?_nc_ht=scontent-sin2-2.cdninstagram.com,us
"Jenson USA Bicycles",jensonusa,"Your ultimate source for bicycles, parts and accessories. Built for riders by riders from Southern California. Yeww. #KEEPPEDALING","Personal Goods & General Merchandise Stores",info@jensonusa.com,+18888803811,17406,https://scontent-sin2-2.cdninstagram.com/vp/677b85246fe70ce35abd1d195fa43e2e/5CC65078/t51.2885-19/1530771_1603853306559526_344812362_a.jpg?_nc_ht=scontent-sin2-2.cdninstagram.com,us
J.Jill,jjillstyle,"Easy, relaxed and inspired style for women. Click to shop your Instagram favorites:","Personal Goods & General Merchandise Stores",social.media@jjill.com,,46801,https://scontent-sin2-2.cdninstagram.com/vp/bd10d333602f99e15123569ed9616090/5CF640D9/t51.2885-19/s150x150/13725513_1031228923639165_2142699318_a.jpg?_nc_ht=scontent-sin2-2.cdninstagram.com,
"Sandro Paris Officiel",sandroparis,"Discover our Winter collection online","Personal Goods & General Merchandise Stores",,+33801800333,781965,https://scontent-sin2-2.cdninstagram.com/vp/c6bb0e297939ff66495f7fa39425c3d8/5CF7BDD2/t51.2885-19/11850308_115939625420423_163404448_a.jpg?_nc_ht=scontent-sin2-2.cdninstagram.com,
"Sam Ash Music",samashmusic,"Family owned and operated since 1924. Come in and Play!","Personal Goods & General Merchandise Stores",hq@samashmusic.com,,33936,https://scontent-sin2-2.cdninstagram.com/vp/27aaec41e57f642711eb15449a14a1c7/5CF57915/t51.2885-19/s320x320/17076997_279239755830273_8097486415073378304_a.jpg?_nc_ht=scontent-sin2-2.cdninstagram.com,
SDTrucksprings,sdtrucksprings,"Need suspension parts - We've got your back!
Check out the changes to the airlift rebate by clicking the link below!","Home Services",customerservice@sdtrucksprings.com,+18777746473,2776,https://scontent-sin2-2.cdninstagram.com/vp/93af922f2e6e881edf6d2c42afce6852/5CC5C3AA/t51.2885-19/11856809_490021194498670_1797632953_a.jpg?_nc_ht=scontent-sin2-2.cdninstagram.com,us
SideBySideStuff.com,sidebysidestuff,"The leading source for quality UTV parts & accessories as well as an entertainment hub for the SxS lifestyle. 
http://www.sidebysidestuff.com/","Personal Goods & General Merchandise Stores",info@sidebysidestuff.com,+18166169946,115193,https://scontent-sin2-2.cdninstagram.com/vp/f35b6c6718201d408d1721a78b2b41bd/5CFF131D/t51.2885-19/21294406_1924027307852815_8485249673307619328_n.jpg?_nc_ht=scontent-sin2-2.cdninstagram.com,us
"Silhouette America",silhouetteamerica,,,,,81,https://scontent-frx5-1.cdninstagram.com/vp/8d90fa5661bdeabf607903d6b44a7138/5CDDD9F1/t51.2885-19/44884218_345707102882519_2446069589734326272_n.jpg?_nc_ht=scontent-frx5-1.cdninstagram.com,
"Simplicity Patterns",simplicity_creative_group,"Creativity made simple with fun sewing patterns, trims, notions, more!âœ‚ï¸âœ‚ï¸âœ‚ï¸Tag your work with #simplicitypatterns!","Personal Goods & General Merchandise Stores",info@simplicity.com,+18885882700,96169,https://scontent-sin2-2.cdninstagram.com/vp/0ad9c6cdd46b37b8d0766b9cd8f0aca1/5CDCE54B/t51.2885-19/s320x320/11363751_473987002783068_2035594523_a.jpg?_nc_ht=scontent-sin2-2.cdninstagram.com,
"Wilson Combat",wilsoncombat,"For over 40 years, Wilson Combat has been the leading innovator in custom firearms & accessories. info@wilsoncombat.com
#wilsoncombat","Personal Goods & General Merchandise Stores",info@wilsoncombat.com,+18009554856,272929,https://scontent-sin2-2.cdninstagram.com/vp/6353ed4566176ae20e0a4b1afb48a00f/5CC795D7/t51.2885-19/11272796_957392530959098_1417380976_a.jpg?_nc_ht=scontent-sin2-2.cdninstagram.com,us
SKAGEN,skagendenmark,"Share your photos with #mySKAGEN 
for a chance to be featured on our channel. 
Shop the feed:","Personal Goods & General Merchandise Stores",social@skagen.com,+14698656534,151558,https://scontent-sin2-2.cdninstagram.com/vp/feb92d33f00d97af78e025e0365830ec/5CC1002A/t51.2885-19/s150x150/12558411_1019713624751890_437507112_a.jpg?_nc_ht=scontent-sin2-2.cdninstagram.com,
"SKECHERS USA, Inc.",skechers,"Bringing footwear to the world since '92.  
Want to be featured on our page? 
Tag @skechers and #SkechersStyle for a chance to be featured ğŸ“¸ğŸ‘Ÿ","Personal Goods & General Merchandise Stores",socialmedia@skechers.com,,335233,https://scontent-sin2-2.cdninstagram.com/vp/fe6e6b0cba2cb1052e025f0ae59d08d5/5CE10723/t51.2885-19/s320x320/36594044_260813574504720_3359945923454042112_n.jpg?_nc_ht=scontent-sin2-2.cdninstagram.com,
ShoeMall,shoemallofficial,"Your online destination for shoes, handbags, clothing & more. Plus free shipping everyday! Share your style with us using #ShoeMallStyle â¤ï¸ğŸ‘ ","Personal Goods & General Merchandise Stores",friends@shoemall.com,+18007045478,584,https://scontent-sin2-2.cdninstagram.com/vp/5371de0e0c7130b3d896a83790f8b1de/5CFED6C3/t51.2885-19/s320x320/29740034_2030245507243514_6289043886237024256_n.jpg?_nc_ht=scontent-sin2-2.cdninstagram.com,
"Saddleback Leather Co.",saddlebackbags,"Full-Grain Leather Goods
100 Year Warranty
â€œThey'll Fight Over It When You're Dead.""
#SaddlebackLeather","Personal Goods & General Merchandise Stores",ihaveaquestion@saddlebackleather.com,+12108585210,49230,https://scontent-sin2-2.cdninstagram.com/vp/aeb6f72ce31228b66dbc8d1b67bd84e3/5CCBA487/t51.2885-19/s320x320/26068381_323175701521598_9121554214990905344_n.jpg?_nc_ht=scontent-sin2-2.cdninstagram.com,us
"Simon Says Stamp",simonsaysstamp,"ğŸ’Your one stop shop for paper crafting goodness ğŸ¨ Be a part of our great community #SimonSaysStamp to share","Personal Goods & General Merchandise Stores",service@simonsaysstamp.com,+16145962220,93391,https://scontent-sin2-2.cdninstagram.com/vp/a8a4022e0f6e36c16dea58f0c959d8b8/5CE3ADA9/t51.2885-19/s320x320/19984905_149590805592978_1713489817058148352_a.jpg?_nc_ht=scontent-sin2-2.cdninstagram.com,us
Scrapbook.com,scrapbookcom,"Empowering beautiful, meaningful, handmade creation! 
ğŸŒˆShare your haul with us #scrapbookcomhaul
Shop the Store:","Personal Goods & General Merchandise Stores",support@scrapbook.com,+18007272726,175167,https://scontent-sin2-2.cdninstagram.com/vp/e7dfdc2db64fccf5f1a0dd5037cd6bd1/5CDF4C6E/t51.2885-19/s320x320/45551634_314180225852447_4773818087503822848_n.jpg?_nc_ht=scontent-sin2-2.cdninstagram.com,us
"Scuf Gaming",scufgaming,"Endorsed by the leagues. Used by over 90% of esports pros. We're behind gaming's most innovative controllers with over 38 tech patents. #PrepareToWin","Personal Goods & General Merchandise Stores",support@scuf.zendesk.com,+14048519261,1117125,https://scontent-sin2-2.cdninstagram.com/vp/25883e8d9751a7af21a743a9bad39224/5CF9B732/t51.2885-19/s150x150/32345225_191357898354851_527063203855728640_n.jpg?_nc_ht=scontent-sin2-2.cdninstagram.com,us
"Shoe Carnival",shoecarnival,"We make shoe shopping spontaneous & fun with the hottest brands for the family. Tag your pics with @shoecarnival and show us your shoe style","Personal Goods & General Merchandise Stores",,+18004307463,65871,https://scontent-sin2-2.cdninstagram.com/vp/39b8a79a42db844e2738c6db4b96feef/5CCB00FF/t51.2885-19/s320x320/14583320_337473373298064_8918363126148104192_a.jpg?_nc_ht=scontent-sin2-2.cdninstagram.com,us
"Stella McCartney",stellamccartney,"Welcome to #StellasWorld!
Stella McCartney Kids: @StellaKids
Stella Menswear: @StellaMenswear
Discover more from our collection hereğŸ‘‡","Business & Utility Services",customerservice.en.emea@stellamccartney.com,,5621522,https://scontent-sin2-2.cdninstagram.com/vp/09747205907eea4a0a32f9c07f2e701a/5CC14467/t51.2885-19/s320x320/26222830_1122735761162344_6770760636403023872_n.jpg?_nc_ht=scontent-sin2-2.cdninstagram.com,
"Store Supply Warehouse",storesupply,"Store Supply Warehouse stocks and sells over 3,000 popular retail fixtures and store supplies.","Personal Goods & General Merchandise Stores",contactus@storesupply.com,+18008238887,2627,https://scontent-sin2-2.cdninstagram.com/vp/ac151f0c4a3a78e036bf6443d1a862fb/5CE42529/t51.2885-19/17818847_1426041154136840_9011891407727624192_a.jpg?_nc_ht=scontent-sin2-2.cdninstagram.com,us
"Southern Kitchen",southkitch,"Southern Kitchen is a food & lifestyle brand owned and operated by GateHouse Media.","Home Goods Stores",ashley.twistcole@coxinc.com,,16831,https://scontent-sin2-2.cdninstagram.com/vp/d58d24404e6e7039fe3863e0d37b0948/5CDE6DF9/t51.2885-19/s150x150/20633429_118686438778791_2610459123686309888_a.jpg?_nc_ht=scontent-sin2-2.cdninstagram.com,
"Sports Fan Island",sportsfanisland,,"Personal Goods & General Merchandise Stores",customercare@sportsfanisland.com,+15015153114,19200,https://scontent-sin2-2.cdninstagram.com/vp/e6b1299fd3938300a12cebc1f25d3f98/5CC77331/t51.2885-19/s150x150/22582459_126017288103520_4894466184159690752_n.jpg?_nc_ht=scontent-sin2-2.cdninstagram.com,us
Stage,stage,"Shop our Stage family of stores today for great deals on brand name apparel. Plus! @thredup is now inside select stores for even bigger savings. â¬‡ï¸","Personal Goods & General Merchandise Stores",,+18007438730,17678,https://scontent-sin2-2.cdninstagram.com/vp/b914c19405af3f8b984a821b38bab5a3/5CDFBBF3/t51.2885-19/s320x320/42915849_320393808738533_3887694183183417344_n.jpg?_nc_ht=scontent-sin2-2.cdninstagram.com,us
"Sole Society",solesociety,"Bringing West Coast ease to your everyday. Share your looks using #MySoleSociety (solesociety.com for conditions).","Personal Goods & General Merchandise Stores",sos@solesociety.com,+18777653009,234131,https://scontent-sin2-2.cdninstagram.com/vp/16300ba1275dc1be4a7484b97aa806aa/5CC49FB2/t51.2885-19/11373987_853729404705528_1225524328_a.jpg?_nc_ht=scontent-sin2-2.cdninstagram.com,
"Streetwear Official",streetwear.official,"Shop Official, Shop the Bestâ€¼ï¸ Real Recognize Real. â˜ï¸(888) 211-6937","Personal Goods & General Merchandise Stores",,+18882116937,79890,https://scontent-sin2-2.cdninstagram.com/vp/666fd78367cef7a3dfbe294c9f3e4c8b/5CDD7A1C/t51.2885-19/11312493_1509814799265143_78910786_a.jpg?_nc_ht=scontent-sin2-2.cdninstagram.com,us
StreetsideAuto.com,streetside_auto,"Street cars, race cars, trucks, Jeeps and more. Whatever your automotive modding needs, we've got you covered. Go beyond stock with #StreetsideAuto.","Auto Dealers",customerservice@streetsideauto.com,+18777878989,930,https://scontent-sin2-2.cdninstagram.com/vp/76eab72730420f9268980c1d191f52d4/5CF580A6/t51.2885-19/10523276_1447265798883311_1822648353_a.jpg?_nc_ht=scontent-sin2-2.cdninstagram.com,
"Sun Herald",sunheraldbiloxi,"Got a news tip? Email us at online@sunherald.com. We cover the Mississippi Gulf Coast. Read our stories on SunHerald.com by clicking here:",Publishers,online@sunherald.com,+12288962100,7416,https://scontent-sin2-2.cdninstagram.com/vp/1d9043510f82ac94ac4d359f10ab2163/5CF54A70/t51.2885-19/s320x320/13098958_1721259054788254_50890487_a.jpg?_nc_ht=scontent-sin2-2.cdninstagram.com,us
Suitsupply,suitsupply,"Don't just fit in, find your own perfect fit.","Personal Goods & General Merchandise Stores",service@suitsupply.com,+18443289234,449995,https://scontent-sin2-2.cdninstagram.com/vp/05766b867e7a4808b96d133899d06a9d/5CFC4754/t51.2885-19/s320x320/39918914_2108234019189358_1836398380771704832_n.jpg?_nc_ht=scontent-sin2-2.cdninstagram.com,
"Sunny Sports",sunnysports,"â˜€ï¸Sunny Sports your destination for hiking, camping and the great outdoors. #camping #hiking #thegreatoutdoors ğŸ•ğŸ”","Home Services",info@sunnysports.com,,353,https://scontent-sin2-2.cdninstagram.com/vp/191f287118b4da74b65c9170db085690/5CFB67A6/t51.2885-19/10598471_694627763940874_2100475903_a.jpg?_nc_ht=scontent-sin2-2.cdninstagram.com,
Spec's,specs1962,"For all things to keep your spirits up! Wines, Liquors, beers, food and so much more! We are all across the great state of Texas! The fun starts here.","Grocery & Convenience Stores",kylieb@specsonline.com,+12818898423,6236,https://scontent-sin2-2.cdninstagram.com/vp/01b65f063a0e4e65b3b209ebccfa2b4e/5CDA1719/t51.2885-19/s320x320/17932483_1304942096268462_7041391954562646016_a.jpg?_nc_ht=scontent-sin2-2.cdninstagram.com,us
SteelSeries,steelseries,"Thereâ€™s good at games, then thereâ€™s glorious at games. #forglory 
Use #SteelSeries for a chance to be featured!","Personal Goods & General Merchandise Stores",chanh@steelseries.com,,444764,https://scontent-sin2-2.cdninstagram.com/vp/bd4e6faf9cfcba00e94507999a0bca6a/5CFD1AA2/t51.2885-19/s320x320/41021654_471054653389440_7275376777801760768_n.jpg?_nc_ht=scontent-sin2-2.cdninstagram.com,
SuperATV.com,superatv_com,"| UTV & ATV Performance Parts and Accessories | 855-743-3427","Personal Goods & General Merchandise Stores",info@superatv.com,+18557433427,142161,https://scontent-sin2-2.cdninstagram.com/vp/8ad5445fe7e87ddc7a9a462b6a57f7f2/5CF83B76/t51.2885-19/s320x320/47584502_391770698234618_4792905832700313600_n.jpg?_nc_ht=scontent-sin2-2.cdninstagram.com,us
"Vans Canada",vanscanada,"Our official ğŸ‡¨ğŸ‡¦ instagram","Personal Goods & General Merchandise Stores",vanscanada_service@vfc.com,,88574,https://scontent-sin2-2.cdninstagram.com/vp/7c0d195156639a5c407fcb47bec5970f/5CFBF1A1/t51.2885-19/s320x320/12822315_851172461658316_577969674_a.jpg?_nc_ht=scontent-sin2-2.cdninstagram.com,
VAPES.COM,vapescom,"ğŸ”ADULTS ONLY
ğŸ”œ SHOP SICK VAPE DEALS ğŸ”› RIGHT NOW
ğŸ‘‡ğŸ¼extra 10% off code â€œinstagramâ€","Personal Goods & General Merchandise Stores",help@vapes.com,,17820,https://scontent-sin2-2.cdninstagram.com/vp/052adbbababf5c83a0dd1251e58a6f5b/5CC890F9/t51.2885-19/s320x320/44603039_805832793087905_6703853846319333376_n.jpg?_nc_ht=scontent-sin2-2.cdninstagram.com,
VapeSourcing_Official,vapesourcing_official,"ğŸ”¥ğŸ”¥Chinese Spring Festival Sale-Keep vaping!!!
1.Whole Site 12% Off, Coupon: Spring
2.30% OFF Flashsale For Only 5 Pcs
3.Most popular Vaping Items","Home Services",info@vapesourcing.com,+8675585252806,8256,https://scontent-sin2-2.cdninstagram.com/vp/202dc241237673e28b46846825f2b629/5D008B8D/t51.2885-19/s320x320/41356874_328095187752308_4520013287273791488_n.jpg?_nc_ht=scontent-sin2-2.cdninstagram.com,cn
"Vapor Authority, Inc",vaporauthority,"WARNING: THIS PRODUCT CONTAINS NICOTINE. NICOTINE IS AN ADDICTIVE CHEMICAL.","Personal Goods & General Merchandise Stores",management@vaporauthority.com,+18889278273,6039,https://scontent-sin2-2.cdninstagram.com/vp/05c09506f80b34db23b449de38e3f763/5CF606B4/t51.2885-19/s320x320/16123699_578980512296070_6560375722152558592_a.jpg?_nc_ht=scontent-sin2-2.cdninstagram.com,us
"& Other Stories",andotherstories,"Create your own fashion story with wardrobe treasures from our design ateliers in Paris, Los Angeles and Stockholm.
Shop our feed:","Personal Goods & General Merchandise Stores",customerservice@stories.com,,1457347,https://scontent-sin2-2.cdninstagram.com/vp/cc54a1f7106ca3af20bd647acfa74424/5CCA8206/t51.2885-19/s320x320/13188115_513822488813277_1989472319_a.jpg?_nc_ht=scontent-sin2-2.cdninstagram.com,
,versace_official,"Follow the official account @Versace",,,,2837,https://instagram.fsub6-1.fna.fbcdn.net/vp/74e29f4ba67630081119e055d561bb49/5CDDD9F1/t51.2885-19/44884218_345707102882519_2446069589734326272_n.jpg?_nc_ht=instagram.fsub6-1.fna.fbcdn.net&_nc_cat=1,
VARIDESK,varidesk,"VARIDESK engineers flexible furniture solutions that help you prioritize health, happiness, and productivity at work.","Personal Goods & General Merchandise Stores",,+18002072587,6100,https://scontent-sin2-2.cdninstagram.com/vp/12faf90d542183adff760a7ad5338653/5CCBB040/t51.2885-19/s320x320/39336863_506871173107650_7138018337786691584_n.jpg?_nc_ht=scontent-sin2-2.cdninstagram.com,
Darice,darice_crafts,"Inspiring Creativity Since 1954, Darice is a premier wholesale distributor and manufacturer in the craft industry. Visit our craft blog â†“","Food & Personal Goods",customerservice@darice.com,+18664327423,7901,https://scontent-sin2-2.cdninstagram.com/vp/aac88acaf5a2fe5dd12eeac889606c71/5CDB4A3A/t51.2885-19/27573521_859495174217657_526405210571014144_n.jpg?_nc_ht=scontent-sin2-2.cdninstagram.com,us
VaporFi,vaporfi,"Must be 18+ | Trusted source for top vape brands | Free shipping in US| ğŸ’¨30,000+ flavor combos! ğŸ’¨| #VFVapeFam #WhyVaporFi #VaporFi #MakeTheSwitch","Personal Goods & General Merchandise Stores",service@vaporfi.com,,44850,https://scontent-sin2-2.cdninstagram.com/vp/662785da1719b0fffb72964e5ff843e2/5CF5511E/t51.2885-19/23101045_543996745950237_2894984313156141056_n.jpg?_nc_ht=scontent-sin2-2.cdninstagram.com,us
Dakine,dakine,"Do what youâ€™ve never done. Chase the unknown. â›°ğŸš´ğŸŒŠ Shop Chris Benchetlerâ€™s Signature kit below ğŸ‘‡ğŸ½ğŸ‘€âš¡ï¸",,,,144277,https://scontent-sin2-2.cdninstagram.com/vp/30ddcbcf506f805feb04b99432212e86/5CE6A1FA/t51.2885-19/s320x320/27893164_354258565090493_6935843330831941632_n.jpg?_nc_ht=scontent-sin2-2.cdninstagram.com,
